Group,Neighborhood
Far North Side,Rogers Park 
Far North Side,West Ridge 
Far North Side,Uptown 
Far North Side,Lincoln Square 
Far North Side,Edison Park 
Far North Side,Norwood Park 
Far North Side,Jefferson Park 
Far North Side,Forest Glen 
Far North Side,North Park 
Far North Side,Albany Park 
Far North Side,O’Hare 
Far North Side,Edgewater 
North Side,North Center 
North Side,Lakeview 
North Side,Lincoln Park 
North Side,Avondale 
North Side,Logan Square 
Northwest Side,Portage Park 
Northwest Side,Irving Park 
Northwest Side,Dunning 
Northwest Side,Montclare 
Northwest Side,Belmont Cragin 
Northwest Side,Hermosa 
Central,Near North Side 
Central,Loop 
Central,Near South Side 
West Side,Humboldt Park 
West Side,West Town 
West Side,Austin 
West Side,West Garfield Park 
West Side,East Garfield Park 
West Side,Near West Side 
West Side,North Lawndale 
West Side,South Lawndale 
West Side,Lower West Side 
Southwest Side,Garfield Ridge 
Southwest Side,Archer Heights 
Southwest Side,Brighton Park 
Southwest Side,McKinley Park 
Southwest Side,New City 
Southwest Side,West Elsdon 
Southwest Side,Gage Park 
Southwest Side,Clearing 
Southwest Side,West Lawn 
Southwest Side,Chicago Lawn 
Southwest Side,West Englewood 
Southwest Side,Englewood 
South Side,Armour Square 
South Side,Douglas 
South Side,Oakland 
South Side,Fuller Park 
South Side,Grand Boulevard 
South Side,Kenwood 
South Side,Washington Park 
South Side,Hyde Park 
South Side,Woodlawn 
South Side,South Shore 
South Side,Bridgeport 
South Side,Greater Grand Crossing 
Far Southwest Side,Ashburn 
Far Southwest Side,Auburn Gresham 
Far Southwest Side,Beverly 
Far Southwest Side,Washington Heights 
Far Southwest Side,Mount Greenwood 
Far Southwest Side,Morgan Park 
Far South Side,Chatham 
Far South Side,Avalon Park 
Far South Side,South Chicago 
Far South Side,Burnside 
Far South Side,Calumet Heights 
Far South Side,Roseland 
Far South Side,Pullman 
Far South Side,South Deering 
Far South Side,East Side 
Far South Side,West Pullman 
Far South Side,Riverdale 
Far South Side,Hegewisch 